stimulus_id,region,energy,resilience,operations,integration_index,time_ns,mass
1,Cortex,99.68,1.53,3622,0.95,241000,2079
1,Hipocampo,99.57,1.01,1723,0.36,241000,1425
1,Cerebelo,99.52,0.66,2511,0.33,241000,2927
1,Amigdala,99.69,0.97,2918,0.43,241000,992
1,Talamo,99.67,2.48,3952,0.98,241000,1905
2,Cortex,98.72,1.44,3548,0.51,242000,1294
2,Hipocampo,98.48,4.92,6507,0.8,242000,1700
2,Cerebelo,99.43,4.41,4029,0.57,242000,2753
2,Amigdala,98.51,2.45,4647,0.93,242000,1386
2,Talamo,99.12,2.86,2989,0.68,242000,1750
3,Cortex,97.62,6.14,7520,0.76,243000,1888
3,Hipocampo,98.26,6.97,6246,0.82,243000,2143
3,Cerebelo,99.26,6.33,3821,0.36,243000,1794
3,Amigdala,98.99,1.8,5946,0.49,243000,1983
3,Talamo,98.72,2.84,4902,0.81,243000,1585
4,Cortex,98.96,6.78,4424,0.98,244000,2390
4,Hipocampo,98.92,2.95,14380,0.77,244000,2781
4,Cerebelo,97.88,2.69,4504,0.95,244000,2812
4,Amigdala,99.06,4.89,13207,0.94,244000,2423
4,Talamo,99.01,2.82,7618,0.87,244000,2304
5,Cortex,97.24,11.64,14295,0.37,245000,2562
5,Hipocampo,98.72,8.61,14786,0.47,245000,1011
5,Cerebelo,96.38,4.55,7446,0.73,245000,2791
5,Amigdala,96.48,5.78,21455,0.35,245000,529
5,Talamo,97.6,3.44,7116,0.63,245000,2073
6,Cortex,95.44,14.92,11072,0.74,246000,1255
6,Hipocampo,96.64,11.15,8468,0.73,246000,2117
6,Cerebelo,98.63,6.47,25447,0.39,246000,1573
6,Amigdala,96.24,9.35,27466,0.56,246000,2160
6,Talamo,97.41,9.03,14607,0.67,246000,1059
7,Cortex,95.3,16.61,21433,0.9,247000,2040
7,Hipocampo,96.32,5.79,16440,0.65,247000,2467
7,Cerebelo,94.94,5.13,18504,0.54,247000,2744
7,Amigdala,97.16,5.75,13531,0.62,247000,2392
7,Talamo,95.48,5.18,34571,0.63,247000,2723
8,Cortex,94.19,15.65,17908,0.45,248000,1438
8,Hipocampo,95.06,6.94,15446,0.8,248000,912
8,Cerebelo,97.38,14.44,10610,0.85,248000,2453
8,Amigdala,93.98,18.73,12340,0.64,248000,914
8,Talamo,95.68,16.77,8134,0.58,248000,2449
9,Cortex,96.13,14.85,10734,0.68,249000,812
9,Hipocampo,95.08,17.9,42233,0.52,249000,819
9,Cerebelo,93.73,22.06,16034,0.85,249000,1445
9,Amigdala,92.88,15.93,22584,0.63,249000,1162
9,Talamo,95.97,9.91,12404,0.4,249000,2722
10,Cortex,92.49,11.31,39515,0.72,250000,1536
10,Hipocampo,93.32,22.54,48350,0.78,250000,947
10,Cerebelo,92.67,23.92,19820,0.64,250000,2721
10,Amigdala,93.63,6.34,38725,0.62,250000,574
10,Talamo,96.7,16.25,47523,0.79,250000,863
11,Cortex,93.38,25.5,52090,0.84,251000,921
11,Hipocampo,95.67,20.78,38157,0.94,251000,674
11,Cerebelo,91.68,22.49,25265,0.61,251000,669
11,Amigdala,94.99,19.62,40177,0.5,251000,590
11,Talamo,96.35,12.89,24174,0.49,251000,2865
12,Cortex,97.5,25.06,52867,0.91,252000,2325
12,Hipocampo,91.66,16.53,26115,0.53,252000,902
12,Cerebelo,92.98,28.67,44623,0.4,252000,770
12,Amigdala,96.2,10.99,41636,0.8,252000,655
12,Talamo,92.99,17.82,47009,0.87,252000,1760
13,Cortex,94.24,23.46,57297,0.97,253000,2677
13,Hipocampo,90.99,29.25,57970,0.33,253000,2681
13,Cerebelo,94.29,25.37,44247,0.88,253000,2746
13,Amigdala,94.3,9.31,24560,0.65,253000,721
13,Talamo,94.29,19.51,25503,0.31,253000,1996
14,Cortex,93.33,8.9,44465,0.89,254000,781
14,Hipocampo,91.97,12.78,65116,0.67,254000,1655
14,Cerebelo,91.24,26.81,61340,0.36,254000,1123
14,Amigdala,94.67,24.23,62463,0.67,254000,2827
14,Talamo,91.25,19.46,27948,0.6,254000,2565
15,Cortex,92.99,22.85,16305,0.63,255000,2624
15,Hipocampo,92.44,11.86,50386,0.36,255000,2974
15,Cerebelo,92.37,19.38,65415,0.36,255000,1368
15,Amigdala,88.55,23.33,64315,0.53,255000,2863
15,Talamo,88.08,21.43,22976,0.78,255000,1726
16,Cortex,90.23,12.21,77322,0.51,256000,2929
16,Hipocampo,94.68,13.38,78530,0.96,256000,2262
16,Cerebelo,89.03,30.8,49135,0.66,256000,2240
16,Amigdala,93.44,19.41,59351,0.67,256000,855
16,Talamo,88.47,38.53,36559,0.45,256000,929
17,Cortex,91.67,29.12,65096,0.63,257000,2190
17,Hipocampo,95.55,16.06,45320,0.3,257000,1322
17,Cerebelo,91.57,15.03,69399,0.57,257000,596
17,Amigdala,88.13,23.8,57872,0.32,257000,865
17,Talamo,90.91,14.62,49201,0.46,257000,1741
18,Cortex,86.01,44.75,32699,0.7,258000,2712
18,Hipocampo,87.27,42.05,31174,0.97,258000,877
18,Cerebelo,96.01,11.09,45787,0.61,258000,880
18,Amigdala,86.14,22.01,29455,0.51,258000,550
18,Talamo,95.08,36.53,88258,0.74,258000,2398
19,Cortex,86.74,11.46,74116,0.42,259000,988
19,Hipocampo,89.64,27.68,65056,0.42,259000,1748
19,Cerebelo,94.16,17.01,90565,0.69,259000,756
19,Amigdala,84.83,41.7,59065,0.46,259000,1631
19,Talamo,86.86,20.75,20500,0.39,259000,1328
20,Cortex,91.42,12.53,51900,0.68,260000,2397
20,Hipocampo,91.14,43.92,74792,0.6,260000,2261
20,Cerebelo,86.32,43.65,81696,0.62,260000,2026
20,Amigdala,92.89,10.92,76529,0.66,260000,2660
20,Talamo,91.03,49.32,94306,1.0,260000,2936
21,Cortex,86.67,19.71,22873,0.33,261000,2578
21,Hipocampo,92.56,25.93,29088,0.6,261000,1130
21,Cerebelo,92.42,10.57,88275,0.45,261000,1432
21,Amigdala,94.67,35.87,99694,0.62,261000,545
21,Talamo,83.41,33.13,64103,0.44,261000,2367
22,Cortex,94.76,30.19,102971,0.88,262000,663
22,Hipocampo,82.79,48.94,107687,0.84,262000,1084
22,Cerebelo,93.7,20.35,68023,0.88,262000,2015
22,Amigdala,94.83,23.22,22588,0.95,262000,2598
22,Talamo,90.09,44.28,94993,0.84,262000,612
23,Cortex,90.41,38.17,90285,0.71,263000,1547
23,Hipocampo,93.74,28.17,107019,0.84,263000,2004
23,Cerebelo,88.14,48.37,27065,0.54,263000,2479
23,Amigdala,85.89,31.53,23328,0.38,263000,2631
23,Talamo,93.96,20.5,63020,0.51,263000,1043
24,Cortex,88.91,27.57,51939,0.44,264000,2823
24,Hipocampo,91.63,42.88,57272,0.48,264000,856
24,Cerebelo,82.39,53.93,97122,0.98,264000,2599
24,Amigdala,80.92,23.08,99046,0.56,264000,856
24,Talamo,89.79,50.78,86273,0.84,264000,1893
25,Cortex,80.85,37.48,93249,0.49,265000,1336
25,Hipocampo,82.52,21.38,50208,0.51,265000,1895
25,Cerebelo,84.3,14.72,87805,0.44,265000,2848
25,Amigdala,83.48,38.4,62672,0.66,265000,2681
25,Talamo,85.21,17.1,76173,0.55,265000,934
26,Cortex,79.97,52.01,32238,0.41,266000,2609
26,Hipocampo,87.31,39.09,92709,0.8,266000,2487
26,Cerebelo,87.89,24.12,129962,0.77,266000,1346
26,Amigdala,91.65,29.85,103281,0.71,266000,812
26,Talamo,89.57,52.86,37492,0.96,266000,1663
27,Cortex,89.11,45.7,48597,0.91,267000,851
27,Hipocampo,91.36,33.15,72492,0.73,267000,2789
27,Cerebelo,80.72,29.58,123748,0.34,267000,1183
27,Amigdala,78.47,53.45,28110,0.44,267000,884
27,Talamo,82.26,30.94,76716,1.0,267000,1101
28,Cortex,92.35,43.49,39271,0.47,268000,2015
28,Hipocampo,88.23,69.34,68130,0.99,268000,2954
28,Cerebelo,93.45,67.72,124447,0.63,268000,720
28,Amigdala,87.61,21.64,109519,0.45,268000,2219
28,Talamo,87.06,28.3,85258,0.93,268000,2503
29,Cortex,81.24,50.59,84173,0.67,269000,2651
29,Hipocampo,90.4,25.53,108837,0.69,269000,1746
29,Cerebelo,78.6,41.99,48374,0.44,269000,2154
29,Amigdala,91.8,67.39,134182,0.54,269000,1119
29,Talamo,87.91,48.72,85845,0.32,269000,1964
30,Cortex,84.73,20.47,65359,0.4,270000,1540
30,Hipocampo,89.39,30.81,149881,0.45,270000,2579
30,Cerebelo,86.17,48.7,78721,0.64,270000,1753
30,Amigdala,79.51,60.14,52960,0.5,270000,682
30,Talamo,88.49,61.64,72043,0.34,270000,2770
31,Cortex,80.64,17.68,152607,0.54,271000,1804
31,Hipocampo,90.31,43.91,43810,0.35,271000,550
31,Cerebelo,81.8,47.74,53520,0.68,271000,2833
31,Amigdala,90.31,74.77,87647,0.46,271000,706
31,Talamo,81.04,71.11,95917,0.34,271000,2374
32,Cortex,88.84,60.19,32557,0.88,272000,2679
32,Hipocampo,88.06,27.35,147738,0.35,272000,1220
32,Cerebelo,88.38,44.8,78348,0.56,272000,2702
32,Amigdala,88.49,36.83,108434,0.94,272000,705
32,Talamo,80.14,65.09,100212,0.95,272000,1471
33,Cortex,85.86,41.55,155392,0.53,273000,1436
33,Hipocampo,74.84,26.5,111307,0.56,273000,1200
33,Cerebelo,79.05,44.3,135752,0.73,273000,2690
33,Amigdala,88.06,21.49,127663,0.89,273000,569
33,Talamo,87.19,19.86,154001,0.4,273000,2065
34,Cortex,85.75,18.8,62875,0.32,274000,1625
34,Hipocampo,78.42,71.79,47567,0.73,274000,2025
34,Cerebelo,80.94,84.11,89766,0.33,274000,1027
34,Amigdala,73.44,57.54,130192,0.5,274000,2820
34,Talamo,90.25,75.08,99374,0.59,274000,782
35,Cortex,74.74,42.73,109445,0.38,275000,945
35,Hipocampo,76.05,56.04,92958,0.37,275000,963
35,Cerebelo,75.67,26.08,162278,0.77,275000,2415
35,Amigdala,89.87,19.52,104001,0.93,275000,722
35,Talamo,80.12,19.87,145554,0.91,275000,979
36,Cortex,86.71,43.31,175392,0.8,276000,1016
36,Hipocampo,88.15,27.89,43351,0.47,276000,2258
36,Cerebelo,88.68,40.34,38359,0.38,276000,2649
36,Amigdala,88.6,21.12,140625,0.68,276000,2186
36,Talamo,73.92,68.77,88840,0.3,276000,1082
37,Cortex,75.48,66.44,108464,0.87,277000,1554
37,Hipocampo,83.24,79.39,113940,0.54,277000,884
37,Cerebelo,79.65,79.94,173497,0.57,277000,2249
37,Amigdala,91.31,47.92,146924,0.53,277000,2462
37,Talamo,89.79,76.69,92360,0.44,277000,722
38,Cortex,74.81,87.04,152076,0.36,278000,1525
38,Hipocampo,77.03,69.93,80137,0.84,278000,2253
38,Cerebelo,86.69,32.47,91640,0.64,278000,926
38,Amigdala,88.4,60.77,103513,0.89,278000,1921
38,Talamo,83.29,46.22,168225,0.44,278000,2984
39,Cortex,78.98,65.55,116224,0.69,279000,2624
39,Hipocampo,83.58,59.23,111717,0.6,279000,552
39,Cerebelo,76.4,38.59,72971,0.58,279000,823
39,Amigdala,80.14,87.26,120188,0.43,279000,2954
39,Talamo,88.51,71.36,85543,0.8,279000,2337
40,Cortex,83.86,64.91,182797,0.44,280000,2854
40,Hipocampo,82.21,40.2,94646,0.39,280000,2457
40,Cerebelo,80.42,93.92,171696,0.82,280000,2880
40,Amigdala,73.86,67.47,199869,0.45,280000,2117
40,Talamo,85.89,73.07,72131,0.99,280000,2664
41,Cortex,85.65,84.99,80922,0.54,281000,511
41,Hipocampo,77.24,22.26,83207,0.72,281000,2399
41,Cerebelo,91.61,60.38,126136,0.85,281000,2977
41,Amigdala,88.12,59.57,106899,0.34,281000,2855
41,Talamo,85.56,66.39,202270,0.53,281000,2538
42,Cortex,87.05,93.15,59828,0.73,282000,2988
42,Hipocampo,67.46,103.62,172573,0.77,282000,2007
42,Cerebelo,74.75,55.29,127360,0.41,282000,2288
42,Amigdala,71.66,60.31,77265,0.48,282000,2290
42,Talamo,86.59,58.84,46473,0.45,282000,2507
43,Cortex,82.89,107.28,171431,0.47,283000,2350
43,Hipocampo,69.68,72.1,209535,0.87,283000,1720
43,Cerebelo,87.21,44.12,108966,0.81,283000,791
43,Amigdala,84.61,28.44,162893,0.92,283000,625
43,Talamo,75.96,75.04,128231,0.59,283000,1006
44,Cortex,68.6,90.88,126454,0.84,284000,1527
44,Hipocampo,69.13,68.09,53521,0.86,284000,1295
44,Cerebelo,67.77,42.58,145537,0.4,284000,2498
44,Amigdala,83.6,64.15,66743,0.78,284000,1799
44,Talamo,70.93,48.51,124979,0.59,284000,1880
45,Cortex,77.72,107.15,131388,0.63,285000,2175
45,Hipocampo,71.93,61.3,182237,0.38,285000,661
45,Cerebelo,64.21,32.7,122351,0.81,285000,711
45,Amigdala,69.02,55.31,115671,0.64,285000,2379
45,Talamo,74.29,66.5,91511,0.46,285000,800
46,Cortex,77.91,104.31,186108,0.71,286000,1129
46,Hipocampo,81.54,112.72,97168,0.41,286000,710
46,Cerebelo,70.45,38.39,173165,0.41,286000,1583
46,Amigdala,78.93,94.63,50051,0.52,286000,1766
46,Talamo,63.96,28.29,202705,0.64,286000,1079
47,Cortex,78.53,34.87,113519,0.38,287000,2537
47,Hipocampo,81.55,97.77,137007,0.34,287000,665
47,Cerebelo,71.38,70.3,158559,0.91,287000,2328
47,Amigdala,86.13,104.65,177575,0.34,287000,1544
47,Talamo,69.55,97.34,79827,0.3,287000,1296
48,Cortex,62.95,94.57,205293,0.88,288000,1259
48,Hipocampo,65.96,61.85,155475,0.77,288000,1637
48,Cerebelo,87.85,76.76,150626,0.81,288000,663
48,Amigdala,84.24,94.28,144373,0.93,288000,2338
48,Talamo,86.71,27.0,187726,0.85,288000,1297
49,Cortex,78.84,34.4,127693,0.9,289000,1016
49,Hipocampo,74.22,43.4,229508,0.61,289000,1550
49,Cerebelo,79.37,53.61,90785,0.44,289000,2370
49,Amigdala,67.12,26.45,55148,0.43,289000,1575
49,Talamo,79.75,112.26,80069,0.46,289000,946
50,Cortex,76.28,29.81,79967,0.36,290000,683
50,Hipocampo,60.06,62.28,247099,0.55,290000,2769
50,Cerebelo,66.92,90.2,213804,0.68,290000,2390
50,Amigdala,85.59,68.74,100022,0.89,290000,1775
50,Talamo,80.31,62.55,72468,0.84,290000,2512
51,Cortex,80.98,94.03,100165,0.4,291000,2056
51,Hipocampo,87.71,64.15,69744,0.94,291000,2713
51,Cerebelo,71.72,123.84,108861,0.99,291000,847
51,Amigdala,86.13,56.95,146437,0.9,291000,1582
51,Talamo,84.21,28.34,58781,0.88,291000,1366
52,Cortex,71.18,81.1,99206,0.51,292000,1861
52,Hipocampo,74.94,100.44,72177,0.69,292000,2243
52,Cerebelo,58.99,117.84,212850,0.45,292000,2287
52,Amigdala,66.49,80.03,67059,0.42,292000,918
52,Talamo,61.38,57.93,102669,0.41,292000,905
53,Cortex,67.03,77.98,138472,1.0,293000,2468
53,Hipocampo,72.22,47.65,174888,0.74,293000,1084
53,Cerebelo,75.16,53.34,76150,0.68,293000,2997
53,Amigdala,58.51,64.61,255247,0.75,293000,634
53,Talamo,81.22,89.55,71742,0.84,293000,791
54,Cortex,66.33,133.44,185873,0.59,294000,1375
54,Hipocampo,70.51,92.22,182980,1.0,294000,2657
54,Cerebelo,59.46,84.89,90091,0.79,294000,2284
54,Amigdala,75.61,67.86,139362,0.45,294000,609
54,Talamo,76.83,74.09,123689,0.86,294000,2888
55,Cortex,63.15,65.98,260252,0.51,295000,576
55,Hipocampo,86.21,82.51,160373,0.69,295000,2268
55,Cerebelo,77.04,49.74,211469,0.85,295000,1430
55,Amigdala,85.4,104.29,243345,0.47,295000,1515
55,Talamo,86.25,97.57,234186,0.75,295000,2807
56,Cortex,87.85,128.45,188978,0.82,296000,2525
56,Hipocampo,56.4,112.36,222718,0.97,296000,1841
56,Cerebelo,71.4,42.42,66299,0.54,296000,2758
56,Amigdala,71.92,117.66,232602,0.79,296000,2614
56,Talamo,81.79,77.19,184838,0.4,296000,1337
57,Cortex,66.47,56.12,148560,0.64,297000,800
57,Hipocampo,73.04,72.08,93118,0.49,297000,1746
57,Cerebelo,73.98,116.39,117394,0.84,297000,1771
57,Amigdala,74.72,129.96,260453,0.92,297000,2660
57,Talamo,60.68,108.75,186447,0.56,297000,2308
58,Cortex,73.57,82.01,248541,0.77,298000,1254
58,Hipocampo,53.8,57.71,157627,0.84,298000,1372
58,Cerebelo,74.78,47.56,190344,0.65,298000,1620
58,Amigdala,78.55,138.9,72057,0.69,298000,1991
58,Talamo,61.81,118.41,272809,0.85,298000,612
59,Cortex,86.07,111.61,205977,0.48,299000,535
59,Hipocampo,76.73,81.5,118179,0.61,299000,2031
59,Cerebelo,64.25,47.43,292783,0.35,299000,534
59,Amigdala,77.83,83.9,72788,0.52,299000,2869
59,Talamo,73.12,112.08,155659,0.4,299000,2900
60,Cortex,72.05,107.77,261848,0.43,300000,1600
60,Hipocampo,53.14,46.1,227827,0.45,300000,1714
60,Cerebelo,72.54,80.92,228401,0.31,300000,2831
60,Amigdala,59.76,64.99,88840,0.43,300000,2454
60,Talamo,63.1,34.32,181213,0.45,300000,710
61,Cortex,65.14,44.85,97609,0.96,301000,2167
61,Hipocampo,59.47,118.73,76348,0.95,301000,948
61,Cerebelo,66.52,106.57,74995,0.78,301000,2142
61,Amigdala,70.36,53.21,220810,0.57,301000,701
61,Talamo,69.55,65.09,262767,0.32,301000,1778
62,Cortex,60.38,86.73,201748,0.44,302000,1920
62,Hipocampo,72.78,139.03,223097,0.35,302000,823
62,Cerebelo,83.42,92.13,99743,0.42,302000,656
62,Amigdala,82.82,125.79,178170,0.47,302000,1588
62,Talamo,53.83,37.96,160342,0.56,302000,2770
63,Cortex,66.33,39.55,91808,0.76,303000,1795
63,Hipocampo,79.33,111.73,274577,0.6,303000,1380
63,Cerebelo,69.64,105.19,145469,0.51,303000,2562
63,Amigdala,87.38,36.99,174257,0.46,303000,2849
63,Talamo,67.16,140.5,102419,0.35,303000,2201
64,Cortex,71.52,148.95,168449,1.0,304000,1678
64,Hipocampo,70.35,114.84,159770,0.7,304000,2516
64,Cerebelo,84.08,44.15,80814,0.54,304000,1331
64,Amigdala,83.85,127.0,192357,0.68,304000,1505
64,Talamo,87.16,132.55,276454,0.69,304000,2431
65,Cortex,72.8,58.69,176530,0.92,305000,1890
65,Hipocampo,83.19,53.01,199476,0.7,305000,1350
65,Cerebelo,79.45,76.85,91523,0.92,305000,1969
65,Amigdala,69.13,155.79,219213,0.38,305000,901
65,Talamo,71.18,161.75,147790,0.61,305000,2998
66,Cortex,60.67,75.05,79847,0.59,306000,2461
66,Hipocampo,78.61,89.89,311635,0.77,306000,2622
66,Cerebelo,51.09,88.24,248455,0.78,306000,2028
66,Amigdala,60.53,34.7,204524,0.59,306000,2097
66,Talamo,68.84,97.88,314418,0.94,306000,1996
67,Cortex,66.87,143.37,247881,0.51,307000,1183
67,Hipocampo,61.23,64.38,273053,0.72,307000,1240
67,Cerebelo,76.21,63.4,87275,0.97,307000,987
67,Amigdala,79.77,75.53,163598,0.36,307000,1132
67,Talamo,58.44,51.51,292407,0.3,307000,1168
68,Cortex,81.21,118.91,226932,0.88,308000,2966
68,Hipocampo,85.79,118.07,118745,0.72,308000,502
68,Cerebelo,60.7,80.99,316589,0.87,308000,2279
68,Amigdala,76.6,125.04,148607,0.84,308000,1237
68,Talamo,72.84,87.02,218830,0.33,308000,814
69,Cortex,77.41,162.77,154366,0.64,309000,1394
69,Hipocampo,45.65,87.41,252529,0.71,309000,791
69,Cerebelo,59.1,168.64,329020,0.46,309000,1456
69,Amigdala,68.51,39.46,211291,0.93,309000,2155
69,Talamo,53.53,165.83,71217,0.53,309000,607
70,Cortex,64.14,76.5,135029,0.82,310000,1895
70,Hipocampo,72.26,105.11,265151,0.33,310000,2507
70,Cerebelo,57.47,92.67,319164,0.95,310000,2471
70,Amigdala,51.82,147.87,329181,0.44,310000,2791
70,Talamo,81.94,69.63,131706,0.39,310000,2377
71,Cortex,62.79,145.72,154313,0.71,311000,2811
71,Hipocampo,47.27,154.32,190687,0.82,311000,965
71,Cerebelo,72.88,119.71,111400,0.31,311000,831
71,Amigdala,64.96,74.32,91461,0.48,311000,2579
71,Talamo,55.52,108.15,217375,0.45,311000,2739
72,Cortex,74.17,113.48,143116,0.54,312000,715
72,Hipocampo,47.55,87.31,352258,0.98,312000,2117
72,Cerebelo,69.9,144.37,351728,0.31,312000,2445
72,Amigdala,64.98,118.6,88274,0.58,312000,2108
72,Talamo,55.68,94.5,250684,0.69,312000,1263
73,Cortex,59.13,106.79,310783,0.68,313000,2691
73,Hipocampo,62.72,45.11,240774,0.8,313000,2707
73,Cerebelo,70.5,51.37,207794,0.67,313000,876
73,Amigdala,56.51,95.91,291494,0.71,313000,538
73,Talamo,79.73,111.77,353889,0.89,313000,1986
74,Cortex,55.62,151.04,297989,0.54,314000,1874
74,Hipocampo,65.78,52.15,267734,0.74,314000,1569
74,Cerebelo,48.36,113.33,292710,0.49,314000,752
74,Amigdala,57.98,112.17,345337,0.66,314000,2473
74,Talamo,64.57,41.29,192320,0.42,314000,2123
75,Cortex,73.04,120.13,371758,0.54,315000,2333
75,Hipocampo,83.37,96.93,206132,0.51,315000,834
75,Cerebelo,60.07,38.93,209280,0.55,315000,2689
75,Amigdala,61.82,65.75,230988,0.41,315000,907
75,Talamo,80.27,48.77,130131,0.31,315000,1189
76,Cortex,74.81,153.79,311416,0.56,316000,583
76,Hipocampo,57.59,57.23,210803,0.81,316000,2612
76,Cerebelo,40.83,143.82,306841,0.53,316000,2170
76,Amigdala,79.51,128.82,295925,0.73,316000,2402
76,Talamo,60.46,68.03,173972,0.93,316000,2002
77,Cortex,65.33,154.04,245422,0.62,317000,2570
77,Hipocampo,79.33,116.64,137502,0.32,317000,1339
77,Cerebelo,45.49,50.38,315650,0.47,317000,2559
77,Amigdala,42.85,143.88,112209,0.75,317000,919
77,Talamo,70.57,68.41,197448,0.9,317000,618
78,Cortex,66.6,188.13,183937,0.49,318000,1193
78,Hipocampo,43.41,192.71,174640,0.61,318000,698
78,Cerebelo,53.43,150.49,341033,0.9,318000,2719
78,Amigdala,75.55,171.8,229234,0.86,318000,920
78,Talamo,55.2,106.23,329521,0.8,318000,684
79,Cortex,58.76,62.97,380517,0.38,319000,582
79,Hipocampo,50.04,52.93,294251,0.77,319000,2213
79,Cerebelo,68.77,194.78,173893,0.46,319000,2317
79,Amigdala,69.87,194.19,323357,0.3,319000,1214
79,Talamo,56.32,160.34,240093,0.57,319000,1746
80,Cortex,73.49,113.96,119687,0.82,320000,2408
80,Hipocampo,38.26,63.41,146082,0.85,320000,1556
80,Cerebelo,83.67,107.93,338599,0.78,320000,970
80,Amigdala,82.84,92.58,174459,0.85,320000,1414
80,Talamo,41.22,63.66,238996,0.55,320000,1139
81,Cortex,43.45,88.19,147947,0.9,321000,693
81,Hipocampo,42.49,48.31,143883,0.85,321000,533
81,Cerebelo,36.41,120.53,251689,0.77,321000,714
81,Amigdala,76.5,150.41,368120,0.38,321000,969
81,Talamo,74.83,175.76,184438,0.62,321000,2848
82,Cortex,67.05,192.61,353711,0.77,322000,2267
82,Hipocampo,45.97,151.25,207428,0.83,322000,2817
82,Cerebelo,50.15,73.7,146102,0.88,322000,950
82,Amigdala,41.56,62.52,163413,0.65,322000,2343
82,Talamo,63.61,118.65,320067,0.95,322000,2940
83,Cortex,83.03,97.42,401562,0.65,323000,2308
83,Hipocampo,53.95,174.46,320670,0.42,323000,2859
83,Cerebelo,83.23,100.51,227704,0.83,323000,2551
83,Amigdala,82.34,62.59,376687,0.61,323000,2028
83,Talamo,46.09,185.47,281015,0.76,323000,697
84,Cortex,79.74,86.87,211858,0.75,324000,979
84,Hipocampo,57.14,67.61,372905,0.6,324000,2821
84,Cerebelo,67.73,66.97,271585,0.97,324000,1558
84,Amigdala,52.26,67.56,296124,0.4,324000,724
84,Talamo,71.57,105.92,223054,0.73,324000,1274
85,Cortex,78.15,188.2,239685,0.52,325000,758
85,Hipocampo,64.14,144.54,185678,0.7,325000,1531
85,Cerebelo,60.82,133.86,407057,0.89,325000,2249
85,Amigdala,69.46,88.09,253842,0.56,325000,1856
85,Talamo,55.19,67.16,252098,0.43,325000,2864
86,Cortex,62.14,81.85,106439,0.35,326000,2030
86,Hipocampo,43.07,46.39,179795,0.47,326000,2487
86,Cerebelo,78.69,59.62,390588,0.7,326000,1886
86,Amigdala,34.58,80.13,302656,0.4,326000,2181
86,Talamo,76.18,87.15,368716,0.95,326000,2845
87,Cortex,72.21,71.31,242487,0.75,327000,508
87,Hipocampo,61.75,185.39,186499,0.67,327000,2686
87,Cerebelo,71.26,124.64,178750,0.85,327000,1051
87,Amigdala,70.44,79.73,286995,0.7,327000,2443
87,Talamo,34.6,171.1,158338,0.97,327000,2270
88,Cortex,53.77,155.78,183451,0.69,328000,2538
88,Hipocampo,29.67,125.07,354999,0.53,328000,1008
88,Cerebelo,71.28,154.73,416313,0.91,328000,1229
88,Amigdala,71.89,78.16,169664,0.43,328000,1413
88,Talamo,53.48,131.66,189896,0.39,328000,1280
89,Cortex,30.26,143.57,151176,0.64,329000,1677
89,Hipocampo,75.23,122.14,290242,0.33,329000,2220
89,Cerebelo,57.74,195.97,380100,0.89,329000,2219
89,Amigdala,79.95,69.4,431881,0.62,329000,1556
89,Talamo,74.63,137.89,436008,0.99,329000,1063
90,Cortex,65.74,146.69,165475,0.35,330000,1657
90,Hipocampo,48.34,108.14,273811,0.84,330000,2123
90,Cerebelo,36.67,47.7,267734,0.87,330000,755
90,Amigdala,70.86,76.16,363403,0.93,330000,1683
90,Talamo,74.7,202.02,161012,0.52,330000,1363
91,Cortex,50.15,85.52,196330,0.68,331000,1274
91,Hipocampo,35.66,84.29,393011,0.45,331000,805
91,Cerebelo,67.53,91.54,430542,0.36,331000,1963
91,Amigdala,72.05,173.91,343797,0.7,331000,1097
91,Talamo,58.37,203.13,139998,0.75,331000,2674
92,Cortex,53.07,56.49,379099,0.42,332000,556
92,Hipocampo,45.86,165.81,109435,0.43,332000,2224
92,Cerebelo,53.72,115.4,366140,0.33,332000,544
92,Amigdala,50.16,94.37,290224,0.35,332000,1797
92,Talamo,62.17,124.97,156816,0.51,332000,828
93,Cortex,39.15,143.75,266069,0.96,333000,1738
93,Hipocampo,67.11,156.42,431620,0.3,333000,717
93,Cerebelo,77.22,163.01,282911,0.95,333000,1230
93,Amigdala,62.19,113.46,99561,0.84,333000,1101
93,Talamo,47.11,95.76,203129,0.42,333000,1334
94,Cortex,55.36,157.8,364433,0.59,334000,758
94,Hipocampo,65.84,140.44,257680,0.56,334000,1306
94,Cerebelo,75.06,96.78,115100,0.5,334000,2895
94,Amigdala,45.33,217.42,208322,0.53,334000,1775
94,Talamo,26.94,234.39,256875,0.43,334000,1808
95,Cortex,73.21,52.81,363774,0.91,335000,2381
95,Hipocampo,24.36,51.78,177546,0.88,335000,822
95,Cerebelo,56.09,62.84,359441,0.39,335000,2355
95,Amigdala,56.64,102.99,461961,0.72,335000,2129
95,Talamo,55.13,206.51,393129,0.62,335000,560
96,Cortex,41.84,87.4,468693,0.48,336000,2233
96,Hipocampo,53.65,49.47,424327,0.95,336000,2493
96,Cerebelo,59.37,147.03,140295,0.63,336000,1609
96,Amigdala,42.34,85.94,292758,0.62,336000,2334
96,Talamo,71.95,101.83,453608,0.5,336000,1732
97,Cortex,39.24,50.12,322268,0.96,337000,827
97,Hipocampo,29.98,145.67,331367,0.42,337000,2153
97,Cerebelo,23.09,188.8,190263,0.46,337000,1306
97,Amigdala,46.85,118.69,264927,0.94,337000,921
97,Talamo,76.01,220.93,292456,0.51,337000,2739
98,Cortex,59.21,54.19,258486,0.58,338000,2201
98,Hipocampo,65.13,220.84,317495,0.66,338000,699
98,Cerebelo,38.34,145.81,194377,0.81,338000,2177
98,Amigdala,35.23,77.6,472506,0.79,338000,2687
98,Talamo,58.75,208.71,111495,1.0,338000,1618
99,Cortex,60.76,178.85,438268,0.64,339000,2802
99,Hipocampo,28.17,186.4,105154,0.74,339000,1519
99,Cerebelo,34.35,62.61,157689,0.53,339000,2274
99,Amigdala,70.28,216.61,287345,0.93,339000,976
99,Talamo,76.52,52.31,309712,0.74,339000,2188
100,Cortex,36.22,98.91,270746,0.9,340000,2364
100,Hipocampo,78.51,114.66,409490,0.81,340000,1067
100,Cerebelo,62.88,138.09,182891,0.98,340000,2720
100,Amigdala,33.07,166.46,300362,0.75,340000,1822
100,Talamo,52.59,84.42,340234,0.95,340000,2871
