SIMULACIÓN TELESCOPIO DINÁMICO + REJILLA + COPULAR

DATOS DE LENTES
Nombre,Tipo,Focal (mm),Posición (mm),Diámetro (mm),Grosor (mm),n
Principal,convergente,325.38,312.45,45.0,4.0,1.562
Interna 1,cono,490.51,84.19,30.0,2.5,1.57
Interna 2,cono,461.73,162.5,32.0,2.7,1.573
Final,copular,502.84,507.03,50.0,5.0,1.58

REJILLA
Tipo,Orificio (mm),Separacion (mm)
panal,0.348,2.29

RESULTADOS POR DISTANCIA
Distancia (m),Error
100,0.090057
500,0.018011
1000,0.009006
3000,0.003002
6000,0.001501
10000,0.000901
Error promedio,0.020413

PRUEBAS MOVIENDO LENTE FINAL
Posición lente final (mm),Error promedio
400,0.12157
500,0.130162
600,0.142733

FUNCIONAMIENTO Y BENEFICIOS
"Funcionamiento del telescopio dinámico:
1. Lente principal: recibe la luz y la concentra hacia lentes internas.
2. Lentes internas (tipo cono): se ajustan automáticamente al mover el lente final para mantener aumento y nitidez.
3. Lente final copular: convierte los rayos en haces paralelos y asegura imagen uniforme.
4. Rejilla tipo panal: filtra la luz dispersa y reduce aberraciones.
5. Movimiento dinámico: al mover el lente final, las lentes internas ajustan el enfoque y aumento sin perder calidad.
Beneficios:
- Mayor alcance sin pérdida de luz
- Reducción de aberraciones
- Enfoque automático y dinámico
- Optimización de resolución y distancia focal
- Posible integración en telescopios actuales"
